ano,mes,tipoDespesa,tipoDocumento,dataDocumento,valorDocumento,nomeFornecedor,cnpjCpfFornecedor,valorLiquido,valorGlosa,parcela
2023,1,TELEFONIA,Nota Fiscal,2023-02-14,232.86,CELULAR FUNCIONAL,00000000000001,232.86,0.0,0
2023,10,MANUTENÇÃO DE ESCRITÓRIO DE APOIO À ATIVIDADE PARLAMENTAR,Nota Fiscal,2023-10-23,1000.0,TECNEGOCIOS SOLUÇÕES EM INFORMÁTICA LTDA-ME,11521613000190,1000.0,0.0,0
2023,11,MANUTENÇÃO DE ESCRITÓRIO DE APOIO À ATIVIDADE PARLAMENTAR,Nota Fiscal,2023-11-21,1000.0,TECNEGOCIOS SOLUÇÕES EM INFORMÁTICA LTDA-ME,11521613000190,1000.0,0.0,0
2023,12,MANUTENÇÃO DE ESCRITÓRIO DE APOIO À ATIVIDADE PARLAMENTAR,Nota Fiscal,2023-12-18,1000.0,TECNEGOCIOS SOLUÇÕES EM INFORMÁTICA LTDA-ME,11521613000190,1000.0,0.0,0
2023,3,COMBUSTÍVEIS E LUBRIFICANTES.,Nota Fiscal Eletrônica,2023-03-01,200.0,069 - PENISULA - CASCOL COMBUSTIVEIS PARA VEICULOS LTDA,00306597006995,200.0,0.0,0
2023,3,COMBUSTÍVEIS E LUBRIFICANTES.,Nota Fiscal Eletrônica,2023-03-13,290.01,069 - PENISULA - CASCOL COMBUSTIVEIS PARA VEICULOS LTDA,00306597006995,290.01,0.0,0
2023,3,COMBUSTÍVEIS E LUBRIFICANTES.,Nota Fiscal Eletrônica,2023-03-21,200.0,069 - PENISULA - CASCOL COMBUSTIVEIS PARA VEICULOS LTDA,00306597006995,200.0,0.0,0
2023,3,COMBUSTÍVEIS E LUBRIFICANTES.,Nota Fiscal Eletrônica,2023-03-27,100.0,069 - PENISULA - CASCOL COMBUSTIVEIS PARA VEICULOS LTDA,00306597006995,100.0,0.0,0
2023,3,COMBUSTÍVEIS E LUBRIFICANTES.,Nota Fiscal Eletrônica,2023-03-29,200.0,069 - PENISULA - CASCOL COMBUSTIVEIS PARA VEICULOS LTDA,00306597006995,200.0,0.0,0
2023,4,COMBUSTÍVEIS E LUBRIFICANTES.,Nota Fiscal Eletrônica,2023-04-03,200.0,069 - PENISULA - CASCOL COMBUSTIVEIS PARA VEICULOS LTDA,00306597006995,200.0,0.0,0
2023,4,COMBUSTÍVEIS E LUBRIFICANTES.,Nota Fiscal Eletrônica,2023-04-12,200.0,069 - PENISULA - CASCOL COMBUSTIVEIS PARA VEICULOS LTDA,00306597006995,200.0,0.0,0
2023,5,COMBUSTÍVEIS E LUBRIFICANTES.,Nota Fiscal Eletrônica,2023-05-12,100.0,069 - PENISULA - CASCOL COMBUSTIVEIS PARA VEICULOS LTDA,00306597006995,100.0,0.0,0
2023,5,COMBUSTÍVEIS E LUBRIFICANTES.,Nota Fiscal Eletrônica,2023-05-16,50.0,069 - PENISULA - CASCOL COMBUSTIVEIS PARA VEICULOS LTDA,00306597006995,50.0,0.0,0
2023,5,COMBUSTÍVEIS E LUBRIFICANTES.,Nota Fiscal Eletrônica,2023-05-16,200.0,069 - PENISULA - CASCOL COMBUSTIVEIS PARA VEICULOS LTDA,00306597006995,200.0,0.0,0
2023,5,COMBUSTÍVEIS E LUBRIFICANTES.,Nota Fiscal Eletrônica,2023-05-22,200.0,069 - PENISULA - CASCOL COMBUSTIVEIS PARA VEICULOS LTDA,00306597006995,200.0,0.0,0
2023,6,COMBUSTÍVEIS E LUBRIFICANTES.,Nota Fiscal Eletrônica,2023-06-05,200.0,069 - PENISULA - CASCOL COMBUSTIVEIS PARA VEICULOS LTDA,00306597006995,200.0,0.0,0
2023,6,COMBUSTÍVEIS E LUBRIFICANTES.,Nota Fiscal Eletrônica,2023-06-19,200.0,069 - PENISULA - CASCOL COMBUSTIVEIS PARA VEICULOS LTDA,00306597006995,200.0,0.0,0
2023,6,COMBUSTÍVEIS E LUBRIFICANTES.,Nota Fiscal Eletrônica,2023-06-21,200.0,069 - PENISULA - CASCOL COMBUSTIVEIS PARA VEICULOS LTDA,00306597006995,200.0,0.0,0
2023,6,COMBUSTÍVEIS E LUBRIFICANTES.,Nota Fiscal Eletrônica,2023-06-26,100.0,069 - PENISULA - CASCOL COMBUSTIVEIS PARA VEICULOS LTDA,00306597006995,100.0,0.0,0
2023,6,COMBUSTÍVEIS E LUBRIFICANTES.,Nota Fiscal Eletrônica,2023-06-30,100.0,069 - PENISULA - CASCOL COMBUSTIVEIS PARA VEICULOS LTDA,00306597006995,100.0,0.0,0
2023,7,COMBUSTÍVEIS E LUBRIFICANTES.,Nota Fiscal Eletrônica,2023-07-04,150.0,069 - PENISULA - CASCOL COMBUSTIVEIS PARA VEICULOS LTDA,00306597006995,150.0,0.0,0
2023,7,COMBUSTÍVEIS E LUBRIFICANTES.,Nota Fiscal Eletrônica,2023-07-18,200.0,069 - PENISULA - CASCOL COMBUSTIVEIS PARA VEICULOS LTDA,00306597006995,200.0,0.0,0
2023,8,COMBUSTÍVEIS E LUBRIFICANTES.,Nota Fiscal Eletrônica,2023-07-31,200.0,069 - PENISULA - CASCOL COMBUSTIVEIS PARA VEICULOS LTDA,00306597006995,200.0,0.0,0
2023,8,COMBUSTÍVEIS E LUBRIFICANTES.,Nota Fiscal Eletrônica,2023-08-10,100.0,069 - PENISULA - CASCOL COMBUSTIVEIS PARA VEICULOS LTDA,00306597006995,100.0,0.0,0
2023,8,COMBUSTÍVEIS E LUBRIFICANTES.,Nota Fiscal Eletrônica,2023-08-14,200.0,069 - PENISULA - CASCOL COMBUSTIVEIS PARA VEICULOS LTDA,00306597006995,200.0,0.0,0
2023,8,COMBUSTÍVEIS E LUBRIFICANTES.,Nota Fiscal Eletrônica,2023-08-18,200.0,069 - PENISULA - CASCOL COMBUSTIVEIS PARA VEICULOS LTDA,00306597006995,200.0,0.0,0
2023,9,COMBUSTÍVEIS E LUBRIFICANTES.,Nota Fiscal Eletrônica,2023-09-01,200.0,069 - PENISULA - CASCOL COMBUSTIVEIS PARA VEICULOS LTDA,00306597006995,200.0,0.0,0
2023,9,COMBUSTÍVEIS E LUBRIFICANTES.,Nota Fiscal Eletrônica,2023-09-05,200.0,069 - PENISULA - CASCOL COMBUSTIVEIS PARA VEICULOS LTDA,00306597006995,200.0,0.0,0
2023,9,COMBUSTÍVEIS E LUBRIFICANTES.,Nota Fiscal Eletrônica,2023-09-11,200.0,069 - PENISULA - CASCOL COMBUSTIVEIS PARA VEICULOS LTDA,00306597006995,200.0,0.0,0
2023,11,COMBUSTÍVEIS E LUBRIFICANTES.,Nota Fiscal Eletrônica,2023-11-13,300.0,069 - PENISULA - CASCOL COMBUSTIVEIS PARA VEICULOS LTDA,00306597006995,300.0,0.0,0
2023,11,COMBUSTÍVEIS E LUBRIFICANTES.,Nota Fiscal Eletrônica,2023-11-22,50.0,069 - PENISULA - CASCOL COMBUSTIVEIS PARA VEICULOS LTDA,00306597006995,50.0,0.0,0
2023,11,COMBUSTÍVEIS E LUBRIFICANTES.,Nota Fiscal Eletrônica,2023-11-23,100.0,069 - PENISULA - CASCOL COMBUSTIVEIS PARA VEICULOS LTDA,00306597006995,100.0,0.0,0
2023,12,COMBUSTÍVEIS E LUBRIFICANTES.,Nota Fiscal Eletrônica,2023-12-04,200.0,069 - PENISULA - CASCOL COMBUSTIVEIS PARA VEICULOS LTDA,00306597006995,200.0,0.0,0
2023,12,COMBUSTÍVEIS E LUBRIFICANTES.,Nota Fiscal Eletrônica,2023-12-21,100.0,069 - PENISULA - CASCOL COMBUSTIVEIS PARA VEICULOS LTDA,00306597006995,100.0,0.0,0
2023,10,COMBUSTÍVEIS E LUBRIFICANTES.,Nota Fiscal Eletrônica,2023-10-25,200.0,AUTO POSTO 303 NORTE LTDA,38194212000120,200.0,0.0,0
2023,8,COMBUSTÍVEIS E LUBRIFICANTES.,Nota Fiscal Eletrônica,2023-08-27,593.0,AUTO POSTO AGUA VIVA LTDA,06081417000102,593.0,0.0,0
2023,11,COMBUSTÍVEIS E LUBRIFICANTES.,Nota Fiscal Eletrônica,2023-11-05,300.1,AUTO POSTO ARV LTDA,41214219000170,300.1,0.0,0
2023,9,COMBUSTÍVEIS E LUBRIFICANTES.,Nota Fiscal Eletrônica,2023-09-29,600.14,AUTO POSTO CAMPO ALEGRE LTDA,09280439000190,600.14,0.0,0
2023,8,COMBUSTÍVEIS E LUBRIFICANTES.,Nota Fiscal Eletrônica,2023-08-21,300.0,AUTO POSTO FAROL LTDA,07247381000157,300.0,0.0,0
2023,5,COMBUSTÍVEIS E LUBRIFICANTES.,Nota Fiscal Eletrônica,2023-05-29,200.0,AUTO POSTO GOLDEN GAS LAGO LTDA,30879261000194,200.0,0.0,0
2023,8,COMBUSTÍVEIS E LUBRIFICANTES.,Nota Fiscal Eletrônica,2023-08-04,200.0,AUTO POSTO JK LTDA,03482208000182,200.0,0.0,0
2023,10,COMBUSTÍVEIS E LUBRIFICANTES.,Nota Fiscal Eletrônica,2023-10-31,291.8,AUTO POSTO ORIGINAL BRASILIA 414 DERIVADOS DE PETROLEO LTDA,20638511000140,291.8,0.0,0
2023,5,COMBUSTÍVEIS E LUBRIFICANTES.,Nota Fiscal Eletrônica,2023-05-03,200.0,AUTO POSTO ZZ 307 NORTE LTDA,72577414000199,200.0,0.0,0
2023,3,COMBUSTÍVEIS E LUBRIFICANTES.,Nota Fiscal Eletrônica,2023-03-07,300.0,BELIZE COMPANY AUTO POSTO LTDA,29032820000147,300.0,0.0,0
2023,4,COMBUSTÍVEIS E LUBRIFICANTES.,Nota Fiscal Eletrônica,2023-04-18,150.0,BELIZE COMPANY AUTO POSTO LTDA,29032820000147,150.0,0.0,0
2023,5,COMBUSTÍVEIS E LUBRIFICANTES.,Nota Fiscal Eletrônica,2023-05-09,200.0,BELIZE COMPANY AUTO POSTO LTDA,29032820000147,200.0,0.0,0
2023,11,COMBUSTÍVEIS E LUBRIFICANTES.,Nota Fiscal Eletrônica,2023-11-27,200.0,BELIZE COMPANY AUTO POSTO LTDA,29032820000147,200.0,0.0,0
2023,7,COMBUSTÍVEIS E LUBRIFICANTES.,Nota Fiscal Eletrônica,2023-07-22,335.01,BELUMA COMERCIO DE COMBUSTIVEIS LTDA,02804864000191,335.01,0.0,0
2023,8,COMBUSTÍVEIS E LUBRIFICANTES.,Nota Fiscal Eletrônica,2023-08-05,285.01,CDA EMPREENDIMENTOS LTDA,12486809000316,285.01,0.0,0
2023,12,COMBUSTÍVEIS E LUBRIFICANTES.,Nota Fiscal Eletrônica,2023-12-02,600.02,CDA EMPREENDIMENTOS LTDA,12486809000316,600.02,0.0,0
2023,12,COMBUSTÍVEIS E LUBRIFICANTES.,Nota Fiscal Eletrônica,2023-12-08,370.0,DIESEL DISTRIBUIDORA E SERVICOS LTDA,11908167000171,300.0,70.0,0
2023,7,COMBUSTÍVEIS E LUBRIFICANTES.,Nota Fiscal Eletrônica,2023-07-01,309.98,DIESEL DISTRIBUIDORA E SERVICOS LTDA,11908167000171,309.98,0.0,0
2023,2,COMBUSTÍVEIS E LUBRIFICANTES.,Nota Fiscal Eletrônica,2023-02-20,350.06,DIESEL DISTRIBUIDORA E SERVICOS LTDA,11908167000171,350.06,0.0,0
2023,12,COMBUSTÍVEIS E LUBRIFICANTES.,Nota Fiscal Eletrônica,2023-12-12,400.0,DISTRIBUIDORA VEICULOS CONFIANCA LTDA,12396339000219,400.0,0.0,0
2023,11,COMBUSTÍVEIS E LUBRIFICANTES.,Nota Fiscal Eletrônica,2023-11-30,685.01,DISTRIBUIDORA VEICULOS CONFIANCA LTDA,12396339000308,685.01,0.0,0
2023,9,COMBUSTÍVEIS E LUBRIFICANTES.,Nota Fiscal Eletrônica,2023-09-02,175.08,DIVINA LUZ COMBUSTIVEIS EIRELI,08036869000106,175.08,0.0,0
2023,12,COMBUSTÍVEIS E LUBRIFICANTES.,Nota Fiscal Eletrônica,2023-12-04,400.0,FARIAS E LESSA COMERCIO DE COMBUSTIVEIS LTDA,20266767000174,400.0,0.0,0
2023,4,COMBUSTÍVEIS E LUBRIFICANTES.,Nota Fiscal Eletrônica,2023-04-30,400.0,J C COMBUSTIVEIS E LUBRIFICANTES LTDA,34036410000104,400.0,0.0,0
2023,8,COMBUSTÍVEIS E LUBRIFICANTES.,Nota Fiscal Eletrônica,2023-08-12,220.0,MAJH COM. DE COMBUST. E DERIV DE PETRO.LTDA EPP,08886885000180,220.0,0.0,0
2023,4,COMBUSTÍVEIS E LUBRIFICANTES.,Nota Fiscal Eletrônica,2023-04-28,400.0,MAXI POSTO ECOLOGICO LTDA,03853241000171,400.0,0.0,0
2023,7,COMBUSTÍVEIS E LUBRIFICANTES.,Nota Fiscal Eletrônica,2023-07-29,290.02,MORAIS   PINTO COMBUSTIVEIS LTDA,11679330000171,290.02,0.0,0
2023,9,COMBUSTÍVEIS E LUBRIFICANTES.,Nota Fiscal Eletrônica,2023-09-06,503.05,POSTO 4 RODAS MATRIZ,02991589000162,503.05,0.0,0
2023,9,COMBUSTÍVEIS E LUBRIFICANTES.,Nota Fiscal Eletrônica,2023-09-06,390.02,POSTO 4 RODAS MATRIZ,02991589000162,390.02,0.0,0
2023,11,COMBUSTÍVEIS E LUBRIFICANTES.,Nota Fiscal Eletrônica,2023-11-03,550.03,POSTO ARAPIRACA LTDA (TREVO),12451076000465,550.03,0.0,0
2023,3,COMBUSTÍVEIS E LUBRIFICANTES.,Nota Fiscal Eletrônica,2023-03-04,380.09,POSTO BOULANGERIE LTDA,00440239000182,380.09,0.0,0
2023,3,COMBUSTÍVEIS E LUBRIFICANTES.,Nota Fiscal Eletrônica,2023-03-25,338.68,POSTO BOULANGERIE LTDA,00440239000182,338.68,0.0,0
2023,4,COMBUSTÍVEIS E LUBRIFICANTES.,Nota Fiscal Eletrônica,2023-04-15,336.0,POSTO BOULANGERIE LTDA,00440239000182,336.0,0.0,0
2023,6,COMBUSTÍVEIS E LUBRIFICANTES.,Nota Fiscal Eletrônica,2023-06-04,300.03,POSTO BOULANGERIE LTDA,00440239000182,300.03,0.0,0
2023,6,COMBUSTÍVEIS E LUBRIFICANTES.,Nota Fiscal Eletrônica,2023-06-10,315.03,POSTO BOULANGERIE LTDA,00440239000182,315.03,0.0,0
2023,7,COMBUSTÍVEIS E LUBRIFICANTES.,Nota Fiscal Eletrônica,2023-07-25,333.45,POSTO BOULANGERIE LTDA,00440239000182,333.45,0.0,0
2023,7,COMBUSTÍVEIS E LUBRIFICANTES.,Nota Fiscal Eletrônica,2023-07-28,300.0,POSTO BOULANGERIE LTDA,00440239000182,300.0,0.0,0
2023,8,COMBUSTÍVEIS E LUBRIFICANTES.,Nota Fiscal Eletrônica,2023-08-11,321.01,POSTO BOULANGERIE LTDA,00440239000182,321.01,0.0,0
2023,8,COMBUSTÍVEIS E LUBRIFICANTES.,Nota Fiscal Eletrônica,2023-08-18,100.0,POSTO BOULANGERIE LTDA,00440239000182,100.0,0.0,0
2023,9,COMBUSTÍVEIS E LUBRIFICANTES.,Nota Fiscal Eletrônica,2023-09-02,420.02,POSTO BOULANGERIE LTDA,00440239000182,420.02,0.0,0
2023,9,COMBUSTÍVEIS E LUBRIFICANTES.,Nota Fiscal Eletrônica,2023-09-24,600.0,POSTO BOULANGERIE LTDA,00440239000182,600.0,0.0,0
2023,12,COMBUSTÍVEIS E LUBRIFICANTES.,Nota Fiscal Eletrônica,2023-12-29,600.05,POSTO BOULANGERIE LTDA,00440239000182,600.05,0.0,0
2023,8,COMBUSTÍVEIS E LUBRIFICANTES.,Nota Fiscal Eletrônica,2023-08-29,200.0,POSTO DA TORRE EIRELI EPP,04473193000159,200.0,0.0,0
2023,12,COMBUSTÍVEIS E LUBRIFICANTES.,Nota Fiscal Eletrônica,2023-12-18,150.0,POSTO DE COMBUSTIVEIS 306 SUL LTDA,32304523000118,150.0,0.0,0
2023,8,COMBUSTÍVEIS E LUBRIFICANTES.,Nota Fiscal Eletrônica,2023-08-24,200.0,POSTO DE GASOLINA DOS ANOES LTDA,00360990000179,200.0,0.0,0
2023,11,COMBUSTÍVEIS E LUBRIFICANTES.,Nota Fiscal Eletrônica,2023-11-25,664.6,POSTO ECOLOGICO COMERCIO DE COMBUSTIVEIS LTDA   EPP,20838676000166,664.6,0.0,0
2023,12,COMBUSTÍVEIS E LUBRIFICANTES.,Nota Fiscal Eletrônica,2023-12-23,640.0,POSTO ECOLOGICO COMERCIO DE COMBUSTIVEIS LTDA   EPP,20838676000166,640.0,0.0,0
2023,12,COMBUSTÍVEIS E LUBRIFICANTES.,Nota Fiscal Eletrônica,2023-12-23,410.02,POSTO ECOLOGICO COMERCIO DE COMBUSTIVEIS LTDA   EPP,20838676000166,410.02,0.0,0
2023,3,COMBUSTÍVEIS E LUBRIFICANTES.,Nota Fiscal Eletrônica,2023-03-23,200.0,POSTO PIRAMIDE LTDA,16920293000165,200.0,0.0,0
2023,4,COMBUSTÍVEIS E LUBRIFICANTES.,Nota Fiscal Eletrônica,2023-04-11,200.0,POSTO PIRAMIDE LTDA,16920293000165,200.0,0.0,0
2023,10,COMBUSTÍVEIS E LUBRIFICANTES.,Nota Fiscal Eletrônica,2023-10-29,600.0,POSTO PIRAMIDE LTDA,16920293000165,600.0,0.0,0
2023,11,COMBUSTÍVEIS E LUBRIFICANTES.,Nota Fiscal Eletrônica,2023-11-15,490.0,POSTO PIRAMIDE LTDA,16920293000165,490.0,0.0,0
2023,2,TELEFONIA,Nota Fiscal,2023-03-14,208.1,CELULAR FUNCIONAL,00000000000001,208.1,0.0,0
2023,3,TELEFONIA,Nota Fiscal,2023-04-14,214.58,CELULAR FUNCIONAL,00000000000001,214.58,0.0,0
2023,4,TELEFONIA,Nota Fiscal,2023-05-14,214.58,CELULAR FUNCIONAL,00000000000001,214.58,0.0,0
2023,6,TELEFONIA,Nota Fiscal,2023-06-14,50.0,CELULAR FUNCIONAL,00000000000001,50.0,0.0,0
2023,5,TELEFONIA,Nota Fiscal,2023-06-14,164.58,CELULAR FUNCIONAL,00000000000001,164.58,0.0,0
2023,7,TELEFONIA,Nota Fiscal,2023-07-13,50.0,CELULAR FUNCIONAL,00000000000001,50.0,0.0,0
2023,6,TELEFONIA,Nota Fiscal,2023-07-13,164.58,CELULAR FUNCIONAL,00000000000001,164.58,0.0,0
2023,7,TELEFONIA,Nota Fiscal,2023-08-14,214.58,CELULAR FUNCIONAL,00000000000001,214.58,0.0,0
2023,8,TELEFONIA,Nota Fiscal,2023-09-14,214.58,CELULAR FUNCIONAL,00000000000001,214.58,0.0,0
2023,9,TELEFONIA,Nota Fiscal,2023-10-14,214.58,CELULAR FUNCIONAL,00000000000001,214.58,0.0,0
2023,10,TELEFONIA,Nota Fiscal,2023-11-14,214.58,CELULAR FUNCIONAL,00000000000001,214.58,0.0,0
2023,11,TELEFONIA,Nota Fiscal,2023-12-22,214.58,CELULAR FUNCIONAL,00000000000001,214.58,0.0,0
2023,12,TELEFONIA,Nota Fiscal,2024-01-22,214.58,CELULAR FUNCIONAL,00000000000001,214.58,0.0,0
2023,2,PASSAGEM AÉREA - SIGEPA,Nota Fiscal,2023-02-17,1959.11,GOL,,1959.11,0.0,0
2024,3,MANUTENÇÃO DE ESCRITÓRIO DE APOIO À ATIVIDADE PARLAMENTAR,Nota Fiscal,2024-03-26,1000.0,TECNEGOCIOS SOLUÇÕES EM INFORMÁTICA LTDA,11521613000190,1000.0,0.0,0
2024,4,MANUTENÇÃO DE ESCRITÓRIO DE APOIO À ATIVIDADE PARLAMENTAR,Nota Fiscal,2024-04-26,1000.0,TECNEGOCIOS SOLUÇÕES EM INFORMÁTICA LTDA,11521613000190,1000.0,0.0,0
2024,5,MANUTENÇÃO DE ESCRITÓRIO DE APOIO À ATIVIDADE PARLAMENTAR,Nota Fiscal,2024-05-29,1000.0,TECNEGOCIOS SOLUÇÕES EM INFORMÁTICA LTDA,11521613000190,1000.0,0.0,0
2024,6,MANUTENÇÃO DE ESCRITÓRIO DE APOIO À ATIVIDADE PARLAMENTAR,Nota Fiscal,2024-06-27,1000.0,TECNEGOCIOS SOLUÇÕES EM INFORMÁTICA LTDA,11521613000190,1000.0,0.0,0
2024,7,MANUTENÇÃO DE ESCRITÓRIO DE APOIO À ATIVIDADE PARLAMENTAR,Nota Fiscal,2024-07-25,1000.0,TECNEGOCIOS SOLUÇÕES EM INFORMÁTICA LTDA,11521613000190,1000.0,0.0,0
2024,8,MANUTENÇÃO DE ESCRITÓRIO DE APOIO À ATIVIDADE PARLAMENTAR,Nota Fiscal,2024-08-23,1000.0,TECNEGOCIOS SOLUÇÕES EM INFORMÁTICA LTDA,11521613000190,1000.0,0.0,0
2024,9,MANUTENÇÃO DE ESCRITÓRIO DE APOIO À ATIVIDADE PARLAMENTAR,Nota Fiscal,2024-09-23,1000.0,TECNEGOCIOS SOLUÇÕES EM INFORMÁTICA LTDA,11521613000190,1000.0,0.0,0
2024,10,MANUTENÇÃO DE ESCRITÓRIO DE APOIO À ATIVIDADE PARLAMENTAR,Nota Fiscal,2024-10-23,1000.0,TECNEGOCIOS SOLUÇÕES EM INFORMÁTICA LTDA,11521613000190,1000.0,0.0,0
2024,11,MANUTENÇÃO DE ESCRITÓRIO DE APOIO À ATIVIDADE PARLAMENTAR,Nota Fiscal,2024-11-20,1000.0,TECNEGOCIOS SOLUÇÕES EM INFORMÁTICA LTDA,11521613000190,1000.0,0.0,0
2024,12,MANUTENÇÃO DE ESCRITÓRIO DE APOIO À ATIVIDADE PARLAMENTAR,Nota Fiscal,2024-12-10,1000.0,TECNEGOCIOS SOLUÇÕES EM INFORMÁTICA LTDA,11521613000190,1000.0,0.0,0
2024,1,MANUTENÇÃO DE ESCRITÓRIO DE APOIO À ATIVIDADE PARLAMENTAR,Nota Fiscal,2024-01-24,1000.0,TECNEGOCIOS SOLUÇÕES EM INFORMÁTICA LTDA-ME,11521613000190,1000.0,0.0,0
2024,2,MANUTENÇÃO DE ESCRITÓRIO DE APOIO À ATIVIDADE PARLAMENTAR,Nota Fiscal,2024-02-20,1000.0,TECNEGOCIOS SOLUÇÕES EM INFORMÁTICA LTDA-ME,11521613000190,1000.0,0.0,0
2024,9,COMBUSTÍVEIS E LUBRIFICANTES.,Nota Fiscal Eletrônica,2024-09-17,200.0,031 - 302 NORTE - CASCOL COMBUSTIVEIS PARA VEICULOS LTDA,00306597003112,200.0,0.0,0
2024,4,COMBUSTÍVEIS E LUBRIFICANTES.,Nota Fiscal Eletrônica,2024-04-25,200.0,051 - 313 NORTE - CASCOL COMBUSTIVEIS PARA VEICULOS LTDA,00306597005166,200.0,0.0,0
2024,3,COMBUSTÍVEIS E LUBRIFICANTES.,Nota Fiscal Eletrônica,2024-03-12,200.0,069 - PENISULA - CASCOL COMBUSTIVEIS PARA VEICULOS LTDA,00306597006995,200.0,0.0,0
2024,3,COMBUSTÍVEIS E LUBRIFICANTES.,Nota Fiscal Eletrônica,2024-03-14,95.67,069 - PENISULA - CASCOL COMBUSTIVEIS PARA VEICULOS LTDA,00306597006995,95.67,0.0,0
2024,3,COMBUSTÍVEIS E LUBRIFICANTES.,Nota Fiscal Eletrônica,2024-03-21,264.08,069 - PENISULA - CASCOL COMBUSTIVEIS PARA VEICULOS LTDA,00306597006995,264.08,0.0,0
2024,4,COMBUSTÍVEIS E LUBRIFICANTES.,Nota Fiscal Eletrônica,2024-04-05,70.0,069 - PENISULA - CASCOL COMBUSTIVEIS PARA VEICULOS LTDA,00306597006995,70.0,0.0,0
2024,4,COMBUSTÍVEIS E LUBRIFICANTES.,Nota Fiscal Eletrônica,2024-04-16,100.0,069 - PENISULA - CASCOL COMBUSTIVEIS PARA VEICULOS LTDA,00306597006995,100.0,0.0,0
2024,4,COMBUSTÍVEIS E LUBRIFICANTES.,Nota Fiscal Eletrônica,2024-04-16,228.78,069 - PENISULA - CASCOL COMBUSTIVEIS PARA VEICULOS LTDA,00306597006995,228.78,0.0,0
2024,4,COMBUSTÍVEIS E LUBRIFICANTES.,Nota Fiscal Eletrônica,2024-04-23,100.0,069 - PENISULA - CASCOL COMBUSTIVEIS PARA VEICULOS LTDA,00306597006995,100.0,0.0,0
2024,5,COMBUSTÍVEIS E LUBRIFICANTES.,Nota Fiscal Eletrônica,2024-05-10,100.0,069 - PENISULA - CASCOL COMBUSTIVEIS PARA VEICULOS LTDA,00306597006995,100.0,0.0,0
2024,5,COMBUSTÍVEIS E LUBRIFICANTES.,Nota Fiscal Eletrônica,2024-05-20,200.0,069 - PENISULA - CASCOL COMBUSTIVEIS PARA VEICULOS LTDA,00306597006995,200.0,0.0,0
2024,5,COMBUSTÍVEIS E LUBRIFICANTES.,Nota Fiscal Eletrônica,2024-05-23,50.0,069 - PENISULA - CASCOL COMBUSTIVEIS PARA VEICULOS LTDA,00306597006995,50.0,0.0,0
2024,5,COMBUSTÍVEIS E LUBRIFICANTES.,Nota Fiscal Eletrônica,2024-05-24,277.75,069 - PENISULA - CASCOL COMBUSTIVEIS PARA VEICULOS LTDA,00306597006995,277.75,0.0,0
2024,5,COMBUSTÍVEIS E LUBRIFICANTES.,Nota Fiscal Eletrônica,2024-05-29,100.0,069 - PENISULA - CASCOL COMBUSTIVEIS PARA VEICULOS LTDA,00306597006995,100.0,0.0,0
2024,6,COMBUSTÍVEIS E LUBRIFICANTES.,Nota Fiscal Eletrônica,2024-06-03,200.0,069 - PENISULA - CASCOL COMBUSTIVEIS PARA VEICULOS LTDA,00306597006995,200.0,0.0,0
2024,6,COMBUSTÍVEIS E LUBRIFICANTES.,Nota Fiscal Eletrônica,2024-06-10,200.0,069 - PENISULA - CASCOL COMBUSTIVEIS PARA VEICULOS LTDA,00306597006995,200.0,0.0,0
2024,6,COMBUSTÍVEIS E LUBRIFICANTES.,Nota Fiscal Eletrônica,2024-06-14,200.0,069 - PENISULA - CASCOL COMBUSTIVEIS PARA VEICULOS LTDA,00306597006995,200.0,0.0,0
2024,7,COMBUSTÍVEIS E LUBRIFICANTES.,Nota Fiscal Eletrônica,2024-07-09,200.0,069 - PENISULA - CASCOL COMBUSTIVEIS PARA VEICULOS LTDA,00306597006995,200.0,0.0,0
2024,7,COMBUSTÍVEIS E LUBRIFICANTES.,Nota Fiscal Eletrônica,2024-07-31,100.0,069 - PENISULA - CASCOL COMBUSTIVEIS PARA VEICULOS LTDA,00306597006995,100.0,0.0,0
2024,8,COMBUSTÍVEIS E LUBRIFICANTES.,Nota Fiscal Eletrônica,2024-08-02,150.0,069 - PENISULA - CASCOL COMBUSTIVEIS PARA VEICULOS LTDA,00306597006995,150.0,0.0,0
2024,8,COMBUSTÍVEIS E LUBRIFICANTES.,Nota Fiscal Eletrônica,2024-08-12,100.0,069 - PENISULA - CASCOL COMBUSTIVEIS PARA VEICULOS LTDA,00306597006995,100.0,0.0,0
2024,8,COMBUSTÍVEIS E LUBRIFICANTES.,Nota Fiscal Eletrônica,2024-08-26,100.0,069 - PENISULA - CASCOL COMBUSTIVEIS PARA VEICULOS LTDA,00306597006995,100.0,0.0,0
2024,8,COMBUSTÍVEIS E LUBRIFICANTES.,Nota Fiscal Eletrônica,2024-08-28,200.0,069 - PENISULA - CASCOL COMBUSTIVEIS PARA VEICULOS LTDA,00306597006995,200.0,0.0,0
2024,9,COMBUSTÍVEIS E LUBRIFICANTES.,Nota Fiscal Eletrônica,2024-09-03,200.0,069 - PENISULA - CASCOL COMBUSTIVEIS PARA VEICULOS LTDA,00306597006995,200.0,0.0,0
2024,9,COMBUSTÍVEIS E LUBRIFICANTES.,Nota Fiscal Eletrônica,2024-09-24,200.0,069 - PENISULA - CASCOL COMBUSTIVEIS PARA VEICULOS LTDA,00306597006995,200.0,0.0,0
2024,9,COMBUSTÍVEIS E LUBRIFICANTES.,Nota Fiscal Eletrônica,2024-09-27,200.0,069 - PENISULA - CASCOL COMBUSTIVEIS PARA VEICULOS LTDA,00306597006995,200.0,0.0,0
2024,10,COMBUSTÍVEIS E LUBRIFICANTES.,Nota Fiscal Eletrônica,2024-10-08,150.0,069 - PENISULA - CASCOL COMBUSTIVEIS PARA VEICULOS LTDA,00306597006995,150.0,0.0,0
2024,10,COMBUSTÍVEIS E LUBRIFICANTES.,Nota Fiscal Eletrônica,2024-10-16,200.0,069 - PENISULA - CASCOL COMBUSTIVEIS PARA VEICULOS LTDA,00306597006995,200.0,0.0,0
2024,10,COMBUSTÍVEIS E LUBRIFICANTES.,Nota Fiscal Eletrônica,2024-10-21,200.0,069 - PENISULA - CASCOL COMBUSTIVEIS PARA VEICULOS LTDA,00306597006995,200.0,0.0,0
2024,10,COMBUSTÍVEIS E LUBRIFICANTES.,Nota Fiscal Eletrônica,2024-10-24,100.0,069 - PENISULA - CASCOL COMBUSTIVEIS PARA VEICULOS LTDA,00306597006995,100.0,0.0,0
2024,11,COMBUSTÍVEIS E LUBRIFICANTES.,Nota Fiscal Eletrônica,2024-11-07,50.0,069 - PENISULA - CASCOL COMBUSTIVEIS PARA VEICULOS LTDA,00306597006995,50.0,0.0,0
2024,11,COMBUSTÍVEIS E LUBRIFICANTES.,Nota Fiscal Eletrônica,2024-11-19,200.0,069 - PENISULA - CASCOL COMBUSTIVEIS PARA VEICULOS LTDA,00306597006995,200.0,0.0,0
2024,11,COMBUSTÍVEIS E LUBRIFICANTES.,Nota Fiscal Eletrônica,2024-11-21,200.0,069 - PENISULA - CASCOL COMBUSTIVEIS PARA VEICULOS LTDA,00306597006995,200.0,0.0,0
2024,12,COMBUSTÍVEIS E LUBRIFICANTES.,Nota Fiscal Eletrônica,2024-12-06,200.0,069 - PENISULA - CASCOL COMBUSTIVEIS PARA VEICULOS LTDA,00306597006995,200.0,0.0,0
2024,12,COMBUSTÍVEIS E LUBRIFICANTES.,Nota Fiscal Eletrônica,2024-12-10,200.0,069 - PENISULA - CASCOL COMBUSTIVEIS PARA VEICULOS LTDA,00306597006995,200.0,0.0,0
2024,12,COMBUSTÍVEIS E LUBRIFICANTES.,Nota Fiscal Eletrônica,2024-12-13,200.0,069 - PENISULA - CASCOL COMBUSTIVEIS PARA VEICULOS LTDA,00306597006995,200.0,0.0,0
2024,6,COMBUSTÍVEIS E LUBRIFICANTES.,Nota Fiscal Eletrônica,2024-06-19,150.0,071 - LAGO NORTE - CASCOL COMBUSTIVEIS PARA VEICULOS LTDA,00306597007100,150.0,0.0,0
2024,11,COMBUSTÍVEIS E LUBRIFICANTES.,Nota Fiscal Eletrônica,2024-11-04,200.0,19 - 303 SUL - CASCOL COMBUSTIVEIS PARA VEICULOS LTDA,00306597001926,200.0,0.0,0
2024,6,COMBUSTÍVEIS E LUBRIFICANTES.,Nota Fiscal Eletrônica,2024-06-20,100.0,A. LUIZ SOARES VIEIRA - EPP,15503894000100,100.0,0.0,0
2024,4,COMBUSTÍVEIS E LUBRIFICANTES.,Nota Fiscal Eletrônica,2024-04-05,600.0,AGRESTE COMBUSTIVEIS E SERVICOS LTDA  ME,07583696000175,600.0,0.0,0
2024,9,COMBUSTÍVEIS E LUBRIFICANTES.,Nota Fiscal Eletrônica,2024-09-20,604.27,ALMEIDA E BARROS COMERCIO LTDA,41576958000102,604.27,0.0,0
2024,8,COMBUSTÍVEIS E LUBRIFICANTES.,Nota Fiscal Eletrônica,2024-08-04,658.05,AMORIM E CORREIA LTDA,08413304000192,658.05,0.0,0
2024,9,COMBUSTÍVEIS E LUBRIFICANTES.,Nota Fiscal Eletrônica,2024-09-11,200.0,AUTO POSTO 306 NORTE LTDA,22398818000147,200.0,0.0,0
2024,2,COMBUSTÍVEIS E LUBRIFICANTES.,Nota Fiscal Eletrônica,2024-02-17,100.0,AUTO POSTO AGUA VIVA LTDA,06081417000102,100.0,0.0,0
2024,3,COMBUSTÍVEIS E LUBRIFICANTES.,Nota Fiscal Eletrônica,2024-03-24,570.0,AUTO POSTO AGUA VIVA LTDA,06081417000102,570.0,0.0,0
2024,10,COMBUSTÍVEIS E LUBRIFICANTES.,Nota Fiscal Eletrônica,2024-10-11,300.02,AUTO POSTO ALVES DA SILVA LTDA,18990675000190,300.02,0.0,0
2024,5,COMBUSTÍVEIS E LUBRIFICANTES.,Nota Fiscal Eletrônica,2024-05-26,260.04,AUTO POSTO ARV LTDA,41214219000170,260.04,0.0,0
2024,8,COMBUSTÍVEIS E LUBRIFICANTES.,Nota Fiscal Eletrônica,2024-08-01,222.34,AUTO POSTO ARV LTDA,41214219000170,222.34,0.0,0
2024,7,COMBUSTÍVEIS E LUBRIFICANTES.,Nota Fiscal Eletrônica,2024-07-29,204.03,AUTO POSTO CAPIA II EIRELI,33967242000108,204.03,0.0,0
2024,7,COMBUSTÍVEIS E LUBRIFICANTES.,Nota Fiscal Eletrônica,2024-07-24,200.0,AUTO POSTO CINCO ESTRELAS LTDA,00692418002665,200.0,0.0,0
2024,5,COMBUSTÍVEIS E LUBRIFICANTES.,Nota Fiscal Eletrônica,2024-05-09,550.0,AUTO POSTO FAROL LTDA,07247381000157,550.0,0.0,0
2024,5,COMBUSTÍVEIS E LUBRIFICANTES.,Nota Fiscal Eletrônica,2024-05-31,550.0,AUTO POSTO FAROL LTDA,07247381000157,550.0,0.0,0
2024,7,COMBUSTÍVEIS E LUBRIFICANTES.,Nota Fiscal Eletrônica,2024-07-07,310.0,AUTO POSTO FAROL LTDA,07247381000157,310.0,0.0,0
2024,7,COMBUSTÍVEIS E LUBRIFICANTES.,Nota Fiscal Eletrônica,2024-07-25,400.05,AUTO POSTO FAROL LTDA,07247381000157,400.05,0.0,0
2024,9,COMBUSTÍVEIS E LUBRIFICANTES.,Nota Fiscal Eletrônica,2024-09-12,570.19,AUTO POSTO FORENE LTDA ME,05459764000163,570.19,0.0,0
2024,12,COMBUSTÍVEIS E LUBRIFICANTES.,Nota Fiscal Eletrônica,2024-12-21,556.68,AUTO POSTO FORENE LTDA ME,05459764000163,556.68,0.0,0
2024,10,COMBUSTÍVEIS E LUBRIFICANTES.,Nota Fiscal Eletrônica,2024-10-03,200.0,AUTO POSTO GOLDEN GAS LAGO LTDA,30879261000194,200.0,0.0,0
2024,10,COMBUSTÍVEIS E LUBRIFICANTES.,Nota Fiscal Eletrônica,2024-10-30,220.0,AUTO POSTO GOLDEN GAS LAGO LTDA,30879261000194,220.0,0.0,0
2024,10,COMBUSTÍVEIS E LUBRIFICANTES.,Nota Fiscal Eletrônica,2024-10-25,200.0,AUTO POSTO GOLDEN GAS LAGO LTDA,30879261000194,200.0,0.0,0
2024,8,COMBUSTÍVEIS E LUBRIFICANTES.,Nota Fiscal Eletrônica,2024-08-09,594.72,AUTO POSTO HANNAH LTDA,07042809000125,594.72,0.0,0
2024,4,COMBUSTÍVEIS E LUBRIFICANTES.,Nota Fiscal Eletrônica,2024-04-11,100.0,AUTO POSTO JK LTDA,03482208000182,100.0,0.0,0
2024,9,COMBUSTÍVEIS E LUBRIFICANTES.,Nota Fiscal Eletrônica,2024-09-09,100.0,AUTO POSTO JK LTDA,03482208000182,100.0,0.0,0
2024,1,COMBUSTÍVEIS E LUBRIFICANTES.,Nota Fiscal Eletrônica,2024-01-08,400.04,AUTO POSTO MANGABEIRAS LTDA,31560876000116,400.04,0.0,0
2024,6,COMBUSTÍVEIS E LUBRIFICANTES.,Nota Fiscal Eletrônica,2024-06-12,285.27,AUTO POSTO MANGABEIRAS LTDA,31560876000116,285.27,0.0,0
2024,5,COMBUSTÍVEIS E LUBRIFICANTES.,Nota Fiscal Eletrônica,2024-05-27,222.23,AUTO POSTO MARE ALTA LTDA,05875523000103,222.23,0.0,0
2024,10,COMBUSTÍVEIS E LUBRIFICANTES.,Nota Fiscal Eletrônica,2024-10-12,200.0,AUTO POSTO NUNES LTDA,50792055000150,200.0,0.0,0
2024,9,COMBUSTÍVEIS E LUBRIFICANTES.,Nota Fiscal Eletrônica,2024-09-27,639.73,AUTO POSTO OURO VERDE,19739379000184,639.73,0.0,0
2024,9,COMBUSTÍVEIS E LUBRIFICANTES.,Nota Fiscal Eletrônica,2024-09-27,287.3,AUTO POSTO OURO VERDE,19739379000184,287.3,0.0,0
2024,4,COMBUSTÍVEIS E LUBRIFICANTES.,Nota Fiscal Eletrônica,2024-04-19,241.59,AUTO POSTO PIONEIRO LTDA,05101388000130,241.59,0.0,0
2024,6,COMBUSTÍVEIS E LUBRIFICANTES.,Nota Fiscal Eletrônica,2024-06-29,420.01,AUTO POSTO SMART LTDA  EPP,25023880000142,420.01,0.0,0
2024,5,COMBUSTÍVEIS E LUBRIFICANTES.,Nota Fiscal Eletrônica,2024-05-11,290.05,AUTO POSTO TIGRE JANGADEIROS LTDA,32876089000140,290.05,0.0,0
2024,4,COMBUSTÍVEIS E LUBRIFICANTES.,Nota Fiscal Eletrônica,2024-04-26,283.03,AUTO POSTO TRAPICHAO LTDA,09077197000131,283.03,0.0,0
2024,12,COMBUSTÍVEIS E LUBRIFICANTES.,Nota Fiscal Eletrônica,2024-12-06,640.0,AUTO POSTO TREVO DO FRANCES LTDA,34193732000167,640.0,0.0,0
2024,6,COMBUSTÍVEIS E LUBRIFICANTES.,Nota Fiscal Eletrônica,2024-06-06,100.0,BELIZE COMPANY AUTO POSTO LTDA,29032820000147,100.0,0.0,0
2024,7,COMBUSTÍVEIS E LUBRIFICANTES.,Nota Fiscal Eletrônica,2024-07-29,100.0,BELIZE COMPANY AUTO POSTO LTDA,29032820000147,100.0,0.0,0
2024,8,COMBUSTÍVEIS E LUBRIFICANTES.,Nota Fiscal Eletrônica,2024-08-19,200.0,BELIZE COMPANY AUTO POSTO LTDA,29032820000147,200.0,0.0,0
2024,2,COMBUSTÍVEIS E LUBRIFICANTES.,Nota Fiscal Eletrônica,2024-02-20,263.97,BELIZE COMPANY AUTO POSTO LTDA,29032820000147,263.97,0.0,0
2024,11,COMBUSTÍVEIS E LUBRIFICANTES.,Nota Fiscal Eletrônica,2024-11-28,200.0,BELIZE COMPANY AUTO POSTO LTDA,29032820000147,200.0,0.0,0
2024,2,COMBUSTÍVEIS E LUBRIFICANTES.,Nota Fiscal Eletrônica,2024-02-09,100.0,BRASAL COMBUSTIVEIS LTDA,00097626000400,100.0,0.0,0
2024,8,COMBUSTÍVEIS E LUBRIFICANTES.,Nota Fiscal Eletrônica,2024-08-24,660.72,CDA EMPREENDIMENTOS LTDA,12486809000316,660.72,0.0,0
2024,4,COMBUSTÍVEIS E LUBRIFICANTES.,Nota Fiscal Eletrônica,2024-04-13,160.67,CDA EMPREENDIMENTOS LTDA,12486809000316,160.67,0.0,0
2024,4,COMBUSTÍVEIS E LUBRIFICANTES.,Nota Fiscal Eletrônica,2024-04-17,100.0,CDA EMPREENDIMENTOS LTDA,12486809000316,100.0,0.0,0
2024,4,COMBUSTÍVEIS E LUBRIFICANTES.,Nota Fiscal Eletrônica,2024-04-11,260.85,CDG COMBUSTIVEIS LTDA,02488031000169,260.85,0.0,0
2024,2,COMBUSTÍVEIS E LUBRIFICANTES.,Nota Fiscal Eletrônica,2024-02-23,200.0,COX   GAMA LTDA,12519476000112,200.0,0.0,0
2024,3,COMBUSTÍVEIS E LUBRIFICANTES.,Nota Fiscal Eletrônica,2024-03-03,100.0,DIESEL DISTRIBUIDORA E SERVICOS LTDA,11908167000171,100.0,0.0,0
2024,3,COMBUSTÍVEIS E LUBRIFICANTES.,Nota Fiscal Eletrônica,2024-03-03,580.04,DIESEL DISTRIBUIDORA E SERVICOS LTDA,11908167000171,580.04,0.0,0
2024,5,COMBUSTÍVEIS E LUBRIFICANTES.,Nota Fiscal Eletrônica,2024-05-06,284.99,DIESEL DISTRIBUIDORA E SERVICOS LTDA,11908167000171,284.99,0.0,0
2024,9,COMBUSTÍVEIS E LUBRIFICANTES.,Nota Fiscal Eletrônica,2024-09-28,545.04,DIESEL DISTRIBUIDORA E SERVICOS LTDA,11908167000333,545.04,0.0,0
2025,7,MANUTENÇÃO DE ESCRITÓRIO DE APOIO À ATIVIDADE PARLAMENTAR,Nota Fiscal,2025-07-16,997.0,BROAD BRASIL LTDA,48949641000113,997.0,0.0,0
2025,8,MANUTENÇÃO DE ESCRITÓRIO DE APOIO À ATIVIDADE PARLAMENTAR,Nota Fiscal,2025-08-25,997.0,BROAD BRASIL LTDA,48949641000113,997.0,0.0,0
2025,9,MANUTENÇÃO DE ESCRITÓRIO DE APOIO À ATIVIDADE PARLAMENTAR,Nota Fiscal,2025-09-23,997.0,BROAD BRASIL LTDA,48949641000113,997.0,0.0,0
2025,10,MANUTENÇÃO DE ESCRITÓRIO DE APOIO À ATIVIDADE PARLAMENTAR,Nota Fiscal,2025-10-17,997.0,BROAD BRASIL LTDA,48949641000113,997.0,0.0,0
2025,11,MANUTENÇÃO DE ESCRITÓRIO DE APOIO À ATIVIDADE PARLAMENTAR,Nota Fiscal,2025-11-24,997.0,BROAD BRASIL LTDA,48949641000113,997.0,0.0,0
2025,12,MANUTENÇÃO DE ESCRITÓRIO DE APOIO À ATIVIDADE PARLAMENTAR,Nota Fiscal,2025-12-15,997.0,BROAD BRASIL LTDA,48949641000113,997.0,0.0,0
2025,2,MANUTENÇÃO DE ESCRITÓRIO DE APOIO À ATIVIDADE PARLAMENTAR,Nota Fiscal,2025-02-28,1000.0,TECNEGOCIOS SOLUÇÕES EM INFORMÁTICA LTDA,11521613000190,1000.0,0.0,0
2025,3,MANUTENÇÃO DE ESCRITÓRIO DE APOIO À ATIVIDADE PARLAMENTAR,Nota Fiscal,2025-03-31,1000.0,TECNEGOCIOS SOLUÇÕES EM INFORMÁTICA LTDA,11521613000190,1000.0,0.0,0
2025,4,MANUTENÇÃO DE ESCRITÓRIO DE APOIO À ATIVIDADE PARLAMENTAR,Nota Fiscal,2025-04-21,1000.0,TECNEGOCIOS SOLUÇÕES EM INFORMÁTICA LTDA,11521613000190,1000.0,0.0,0
2025,5,MANUTENÇÃO DE ESCRITÓRIO DE APOIO À ATIVIDADE PARLAMENTAR,Nota Fiscal,2025-05-26,1000.0,TECNEGOCIOS SOLUÇÕES EM INFORMÁTICA LTDA,11521613000190,1000.0,0.0,0
2025,6,MANUTENÇÃO DE ESCRITÓRIO DE APOIO À ATIVIDADE PARLAMENTAR,Nota Fiscal,2025-06-27,1000.0,TECNEGOCIOS SOLUÇÕES EM INFORMÁTICA LTDA,11521613000190,1000.0,0.0,0
2025,7,MANUTENÇÃO DE ESCRITÓRIO DE APOIO À ATIVIDADE PARLAMENTAR,Nota Fiscal,2025-07-23,1000.0,TECNEGOCIOS SOLUÇÕES EM INFORMÁTICA LTDA,11521613000190,1000.0,0.0,0
2025,8,MANUTENÇÃO DE ESCRITÓRIO DE APOIO À ATIVIDADE PARLAMENTAR,Nota Fiscal,2025-08-26,1000.0,TECNEGOCIOS SOLUÇÕES EM INFORMÁTICA LTDA,11521613000190,1000.0,0.0,0
2025,9,MANUTENÇÃO DE ESCRITÓRIO DE APOIO À ATIVIDADE PARLAMENTAR,Nota Fiscal,2025-09-24,1000.0,TECNEGOCIOS SOLUÇÕES EM INFORMÁTICA LTDA,11521613000190,1000.0,0.0,0
2025,10,MANUTENÇÃO DE ESCRITÓRIO DE APOIO À ATIVIDADE PARLAMENTAR,Nota Fiscal,2025-10-23,1000.0,TECNEGOCIOS SOLUÇÕES EM INFORMÁTICA LTDA,11521613000190,1000.0,0.0,0
2025,11,MANUTENÇÃO DE ESCRITÓRIO DE APOIO À ATIVIDADE PARLAMENTAR,Nota Fiscal,2025-11-20,1000.0,TECNEGOCIOS SOLUÇÕES EM INFORMÁTICA LTDA,11521613000190,1000.0,0.0,0
2025,12,MANUTENÇÃO DE ESCRITÓRIO DE APOIO À ATIVIDADE PARLAMENTAR,Nota Fiscal,2025-12-10,1000.0,TECNEGOCIOS SOLUÇÕES EM INFORMÁTICA LTDA,11521613000190,1000.0,0.0,0
2025,4,COMBUSTÍVEIS E LUBRIFICANTES.,Nota Fiscal Eletrônica,2025-04-25,200.0,005 - LAGO SUL - CASCOL COMBUSTIVEIS PARA VEICULOS LTDA,00306597000520,200.0,0.0,0
2025,6,COMBUSTÍVEIS E LUBRIFICANTES.,Nota Fiscal Eletrônica,2025-06-17,200.0,031 - 302 NORTE - CASCOL COMBUSTIVEIS PARA VEICULOS LTDA,00306597003112,200.0,0.0,0
2025,4,COMBUSTÍVEIS E LUBRIFICANTES.,Nota Fiscal Eletrônica,2025-04-02,200.0,039 - QI 13 - CASCOL COMBUSTIVEIS PARA VEICULOS LTDA,00306597003970,200.0,0.0,0
2025,4,COMBUSTÍVEIS E LUBRIFICANTES.,Nota Fiscal Eletrônica,2025-04-23,200.0,039 - QI 13 - CASCOL COMBUSTIVEIS PARA VEICULOS LTDA,00306597003970,200.0,0.0,0
2025,10,COMBUSTÍVEIS E LUBRIFICANTES.,Nota Fiscal Eletrônica,2025-10-17,200.0,063 - 311 SUL - CASCOL COMBUSTIVEIS PARA VEICULOS LTDA,00306597006308,200.0,0.0,0
2025,10,COMBUSTÍVEIS E LUBRIFICANTES.,Nota Fiscal Eletrônica,2025-10-21,200.0,063 - 311 SUL - CASCOL COMBUSTIVEIS PARA VEICULOS LTDA,00306597006308,200.0,0.0,0
2025,11,COMBUSTÍVEIS E LUBRIFICANTES.,Nota Fiscal Eletrônica,2025-11-04,41.47,063 - 311 SUL - CASCOL COMBUSTIVEIS PARA VEICULOS LTDA,00306597006308,41.47,0.0,0
2025,11,COMBUSTÍVEIS E LUBRIFICANTES.,Nota Fiscal Eletrônica,2025-11-07,190.38,063 - 311 SUL - CASCOL COMBUSTIVEIS PARA VEICULOS LTDA,00306597006308,190.38,0.0,0
2025,11,COMBUSTÍVEIS E LUBRIFICANTES.,Nota Fiscal Eletrônica,2025-11-14,303.46,063 - 311 SUL - CASCOL COMBUSTIVEIS PARA VEICULOS LTDA,00306597006308,303.46,0.0,0
2025,1,COMBUSTÍVEIS E LUBRIFICANTES.,Nota Fiscal Eletrônica,2025-01-21,200.0,069 - PENISULA - CASCOL COMBUSTIVEIS PARA VEICULOS LTDA,00306597006995,200.0,0.0,0
2025,1,COMBUSTÍVEIS E LUBRIFICANTES.,Nota Fiscal Eletrônica,2025-01-30,200.0,069 - PENISULA - CASCOL COMBUSTIVEIS PARA VEICULOS LTDA,00306597006995,200.0,0.0,0
2025,2,COMBUSTÍVEIS E LUBRIFICANTES.,Nota Fiscal Eletrônica,2025-02-05,200.0,069 - PENISULA - CASCOL COMBUSTIVEIS PARA VEICULOS LTDA,00306597006995,200.0,0.0,0
2025,2,COMBUSTÍVEIS E LUBRIFICANTES.,Nota Fiscal Eletrônica,2025-02-24,200.0,069 - PENISULA - CASCOL COMBUSTIVEIS PARA VEICULOS LTDA,00306597006995,200.0,0.0,0
2025,3,COMBUSTÍVEIS E LUBRIFICANTES.,Nota Fiscal Eletrônica,2025-03-13,200.0,069 - PENISULA - CASCOL COMBUSTIVEIS PARA VEICULOS LTDA,00306597006995,200.0,0.0,0
2025,3,COMBUSTÍVEIS E LUBRIFICANTES.,Nota Fiscal Eletrônica,2025-03-20,200.0,069 - PENISULA - CASCOL COMBUSTIVEIS PARA VEICULOS LTDA,00306597006995,200.0,0.0,0
2025,5,COMBUSTÍVEIS E LUBRIFICANTES.,Nota Fiscal Eletrônica,2025-05-26,200.0,069 - PENISULA - CASCOL COMBUSTIVEIS PARA VEICULOS LTDA,00306597006995,200.0,0.0,0
2025,6,COMBUSTÍVEIS E LUBRIFICANTES.,Nota Fiscal Eletrônica,2025-06-24,200.0,069 - PENISULA - CASCOL COMBUSTIVEIS PARA VEICULOS LTDA,00306597006995,200.0,0.0,0
2025,12,COMBUSTÍVEIS E LUBRIFICANTES.,Nota Fiscal Eletrônica,2025-12-09,200.0,069 - PENISULA - CASCOL COMBUSTIVEIS PARA VEICULOS LTDA,00306597006995,200.0,0.0,0
2025,3,COMBUSTÍVEIS E LUBRIFICANTES.,Nota Fiscal Eletrônica,2025-03-31,200.0,071 - LAGO NORTE - CASCOL COMBUSTIVEIS PARA VEICULOS LTDA,00306597007100,200.0,0.0,0
2025,8,COMBUSTÍVEIS E LUBRIFICANTES.,Nota Fiscal Eletrônica,2025-08-29,200.0,092 - GUARAPARI - CASCOL COMBUSTIVEIS PARA VEICULOS LTDA,00306597009234,200.0,0.0,0
2025,11,COMBUSTÍVEIS E LUBRIFICANTES.,Nota Fiscal Eletrônica,2025-11-03,183.34,14 - QL 14 - CASCOL COMBUSTIVEIS PARA VEICULOS LTDA,00306597001411,183.34,0.0,0
2025,7,COMBUSTÍVEIS E LUBRIFICANTES.,Nota Fiscal Eletrônica,2025-07-16,300.0,A P ALVES LTDA,02850879000196,300.0,0.0,0
2025,7,COMBUSTÍVEIS E LUBRIFICANTES.,Nota Fiscal Eletrônica,2025-07-15,260.01,AUTO POSTO ARV LTDA,41214219000170,260.01,0.0,0
2025,7,COMBUSTÍVEIS E LUBRIFICANTES.,Nota Fiscal Eletrônica,2025-07-23,300.01,AUTO POSTO ARV LTDA,41214219000170,300.01,0.0,0
2025,7,COMBUSTÍVEIS E LUBRIFICANTES.,Nota Fiscal Eletrônica,2025-07-24,150.0,AUTO POSTO ARV LTDA,41214219000170,150.0,0.0,0
2025,7,COMBUSTÍVEIS E LUBRIFICANTES.,Nota Fiscal Eletrônica,2025-07-25,250.81,AUTO POSTO ARV LTDA,41214219000170,250.81,0.0,0
2025,7,COMBUSTÍVEIS E LUBRIFICANTES.,Nota Fiscal Eletrônica,2025-07-26,300.0,AUTO POSTO ARV LTDA,41214219000170,300.0,0.0,0
2025,7,COMBUSTÍVEIS E LUBRIFICANTES.,Nota Fiscal Eletrônica,2025-07-28,155.02,AUTO POSTO ARV LTDA,41214219000170,155.02,0.0,0
2025,7,COMBUSTÍVEIS E LUBRIFICANTES.,Nota Fiscal Eletrônica,2025-07-30,290.04,AUTO POSTO ARV LTDA,41214219000170,290.04,0.0,0
2025,7,COMBUSTÍVEIS E LUBRIFICANTES.,Nota Fiscal Eletrônica,2025-07-31,80.0,AUTO POSTO ARV LTDA,41214219000170,80.0,0.0,0
2025,5,COMBUSTÍVEIS E LUBRIFICANTES.,Nota Fiscal Eletrônica,2025-05-15,400.0,AUTO POSTO BALSAMO LTDA,13564704000139,400.0,0.0,0
2025,3,COMBUSTÍVEIS E LUBRIFICANTES.,Nota Fiscal Eletrônica,2025-03-15,636.08,AUTO POSTO BL LTDA,29763548000175,636.08,0.0,0
2025,3,COMBUSTÍVEIS E LUBRIFICANTES.,Nota Fiscal Eletrônica,2025-03-26,200.0,AUTO POSTO CINCO ESTRELAS LTDA,00692418000107,200.0,0.0,0
2025,4,COMBUSTÍVEIS E LUBRIFICANTES.,Nota Fiscal Eletrônica,2025-04-22,200.0,AUTO POSTO CINCO ESTRELAS LTDA,00692418000379,200.0,0.0,0
2025,11,COMBUSTÍVEIS E LUBRIFICANTES.,Nota Fiscal Eletrônica,2025-11-20,600.0,AUTO POSTO CLEAN CAR LTDA,03496743000192,600.0,0.0,0
2025,1,COMBUSTÍVEIS E LUBRIFICANTES.,Nota Fiscal Eletrônica,2025-01-06,500.03,AUTO POSTO COMENDADOR LTDA,09280520000170,500.03,0.0,0
2025,11,COMBUSTÍVEIS E LUBRIFICANTES.,Nota Fiscal Eletrônica,2025-11-01,660.0,AUTO POSTO FAROL LTDA,07247381000157,660.0,0.0,0
2025,7,COMBUSTÍVEIS E LUBRIFICANTES.,Nota Fiscal Eletrônica,2025-07-25,258.44,AUTO POSTO GLOBO EIRELI,15696129000153,258.44,0.0,0
2025,1,COMBUSTÍVEIS E LUBRIFICANTES.,Nota Fiscal Eletrônica,2025-01-27,200.0,AUTO POSTO GOLDEN GAS LAGO LTDA,30879261000194,200.0,0.0,0
2025,9,COMBUSTÍVEIS E LUBRIFICANTES.,Nota Fiscal Eletrônica,2025-09-16,200.0,AUTO POSTO GOLDEN GAS LAGO LTDA,30879261000194,200.0,0.0,0
2025,11,COMBUSTÍVEIS E LUBRIFICANTES.,Nota Fiscal Eletrônica,2025-11-27,150.0,AUTO POSTO GOLDEN GAS LAGO LTDA,30879261000194,150.0,0.0,0
2025,9,COMBUSTÍVEIS E LUBRIFICANTES.,Nota Fiscal Eletrônica,2025-09-09,200.0,AUTO POSTO GOLDEN GAS LAGO LTDA,30879261000194,200.0,0.0,0
2025,9,COMBUSTÍVEIS E LUBRIFICANTES.,Nota Fiscal Eletrônica,2025-09-15,200.0,AUTO POSTO GOLDEN GAS LAGO LTDA,30879261000194,200.0,0.0,0
2025,9,COMBUSTÍVEIS E LUBRIFICANTES.,Nota Fiscal Eletrônica,2025-09-18,200.0,AUTO POSTO GOLDEN GAS LAGO LTDA,30879261000194,200.0,0.0,0
2025,2,COMBUSTÍVEIS E LUBRIFICANTES.,Nota Fiscal Eletrônica,2025-02-21,200.0,AUTO POSTO GOLDEN GAS LAGO LTDA,30879261000194,200.0,0.0,0
2025,3,COMBUSTÍVEIS E LUBRIFICANTES.,Nota Fiscal Eletrônica,2025-03-11,200.0,AUTO POSTO GOLDEN GAS LAGO LTDA,30879261000194,200.0,0.0,0
2025,12,COMBUSTÍVEIS E LUBRIFICANTES.,Nota Fiscal Eletrônica,2025-12-02,70.0,AUTO POSTO GOLDEN GAS LAGO LTDA,30879261000194,70.0,0.0,0
2025,10,COMBUSTÍVEIS E LUBRIFICANTES.,Nota Fiscal Eletrônica,2025-10-24,100.0,AUTO POSTO GOLDEN GAS LAGO LTDA,30879261000194,100.0,0.0,0
2025,12,COMBUSTÍVEIS E LUBRIFICANTES.,Nota Fiscal Eletrônica,2025-12-11,100.0,AUTO POSTO GOLDEN GAS LAGO LTDA,30879261000194,100.0,0.0,0
2025,4,COMBUSTÍVEIS E LUBRIFICANTES.,Nota Fiscal Eletrônica,2025-04-30,200.0,AUTO POSTO GOLDEN GAS LAGO LTDA,30879261000194,200.0,0.0,0
2025,12,COMBUSTÍVEIS E LUBRIFICANTES.,Nota Fiscal Eletrônica,2025-12-12,200.0,AUTO POSTO GOLDEN GAS LAGO LTDA,30879261000194,200.0,0.0,0
2025,5,COMBUSTÍVEIS E LUBRIFICANTES.,Nota Fiscal Eletrônica,2025-05-06,200.0,AUTO POSTO GOLDEN GAS LAGO LTDA,30879261000194,200.0,0.0,0
2025,7,COMBUSTÍVEIS E LUBRIFICANTES.,Nota Fiscal Eletrônica,2025-07-08,200.0,AUTO POSTO GOLDEN GAS LAGO LTDA,30879261000194,200.0,0.0,0
2025,7,COMBUSTÍVEIS E LUBRIFICANTES.,Nota Fiscal Eletrônica,2025-07-23,200.0,AUTO POSTO GOLDEN GAS LAGO LTDA,30879261000194,200.0,0.0,0
2025,5,COMBUSTÍVEIS E LUBRIFICANTES.,Nota Fiscal Eletrônica,2025-05-22,200.0,AUTO POSTO GOLDEN GAS LAGO LTDA,30879261000194,200.0,0.0,0
2025,5,COMBUSTÍVEIS E LUBRIFICANTES.,Nota Fiscal Eletrônica,2025-05-14,200.0,AUTO POSTO GOLDEN GAS LAGO LTDA,30879261000194,200.0,0.0,0
2025,6,COMBUSTÍVEIS E LUBRIFICANTES.,Nota Fiscal Eletrônica,2025-06-10,200.0,AUTO POSTO GOLDEN GAS LAGO LTDA,30879261000194,200.0,0.0,0
2025,6,COMBUSTÍVEIS E LUBRIFICANTES.,Nota Fiscal Eletrônica,2025-06-06,200.0,AUTO POSTO GOLDEN GAS LAGO LTDA,30879261000194,200.0,0.0,0
2025,6,COMBUSTÍVEIS E LUBRIFICANTES.,Nota Fiscal Eletrônica,2025-06-13,200.0,AUTO POSTO GOLDEN GAS LAGO LTDA,30879261000194,200.0,0.0,0
2025,8,COMBUSTÍVEIS E LUBRIFICANTES.,Nota Fiscal Eletrônica,2025-08-12,200.0,AUTO POSTO GOLDEN GAS LAGO LTDA,30879261000194,200.0,0.0,0
2025,8,COMBUSTÍVEIS E LUBRIFICANTES.,Nota Fiscal Eletrônica,2025-08-21,280.01,AUTO POSTO JK LTDA,03482208000182,280.01,0.0,0
2025,3,COMBUSTÍVEIS E LUBRIFICANTES.,Nota Fiscal Eletrônica,2025-03-17,300.0,AUTO POSTO NOVA VIDA EIRELI,07000526000110,300.0,0.0,0
2025,3,COMBUSTÍVEIS E LUBRIFICANTES.,Nota Fiscal Eletrônica,2025-03-13,400.0,AUTO POSTO PILAR COMERCIO DE COMBUSTIVEIS LTDA,39567744000128,400.0,0.0,0
2025,2,COMBUSTÍVEIS E LUBRIFICANTES.,Nota Fiscal Eletrônica,2025-02-19,200.03,AUTO POSTO SEREIA LTDA.,03855924000168,200.03,0.0,0
2025,6,COMBUSTÍVEIS E LUBRIFICANTES.,Nota Fiscal Eletrônica,2025-06-14,600.0,AUTO POSTO TIGRE JANGADEIROS LTDA,32876089000140,600.0,0.0,0
2025,12,COMBUSTÍVEIS E LUBRIFICANTES.,Nota Fiscal Eletrônica,2025-12-06,100.0,AUTO POSTO TOTAL GIRO 13 LTDA,46687131000190,100.0,0.0,0
2025,5,COMBUSTÍVEIS E LUBRIFICANTES.,Nota Fiscal Eletrônica,2025-05-19,196.0,AUTO POSTO VELOZ LTDA   EPP,17336019000106,196.0,0.0,0
2025,7,COMBUSTÍVEIS E LUBRIFICANTES.,Nota Fiscal Eletrônica,2025-07-28,500.0,AUTO POSTO VELOZ LTDA   EPP,17336019000106,500.0,0.0,0
2025,4,COMBUSTÍVEIS E LUBRIFICANTES.,Nota Fiscal Eletrônica,2025-04-10,181.54,AUTO SHOPPING QL 06 COMERCIO DE DERIV DE PETROLEO LTDA,00647440000135,181.54,0.0,0
2025,5,COMBUSTÍVEIS E LUBRIFICANTES.,Nota Fiscal Eletrônica,2025-05-29,100.0,AUTO SHOPPING QL 06 COMERCIO DE DERIV DE PETROLEO LTDA,00647440000135,100.0,0.0,0
2025,3,COMBUSTÍVEIS E LUBRIFICANTES.,Nota Fiscal Eletrônica,2025-03-18,200.0,BELIZE COMPANY AUTO POSTO LTDA,29032820000147,200.0,0.0,0
2025,4,COMBUSTÍVEIS E LUBRIFICANTES.,Nota Fiscal Eletrônica,2025-04-09,100.0,BELIZE COMPANY AUTO POSTO LTDA,29032820000147,100.0,0.0,0
2025,5,COMBUSTÍVEIS E LUBRIFICANTES.,Nota Fiscal Eletrônica,2025-05-13,100.0,BELIZE COMPANY AUTO POSTO LTDA,29032820000147,100.0,0.0,0
2025,1,COMBUSTÍVEIS E LUBRIFICANTES.,Nota Fiscal Eletrônica,2025-01-15,629.8,CDG COMBUSTIVEIS LTDA,02488031000169,629.8,0.0,0
2025,8,COMBUSTÍVEIS E LUBRIFICANTES.,Nota Fiscal Eletrônica,2025-08-01,210.1,CICERO LISBOA LIMA,12512646000137,210.1,0.0,0
2025,8,COMBUSTÍVEIS E LUBRIFICANTES.,Nota Fiscal Eletrônica,2025-08-01,580.01,CICERO LISBOA LIMA,12512646000137,580.01,0.0,0
2025,8,COMBUSTÍVEIS E LUBRIFICANTES.,Nota Fiscal Eletrônica,2025-08-01,237.74,CICERO LISBOA LIMA,12512646000137,237.74,0.0,0
2025,8,COMBUSTÍVEIS E LUBRIFICANTES.,Nota Fiscal Eletrônica,2025-08-01,274.0,CICERO LISBOA LIMA,12512646000137,274.0,0.0,0
2025,7,COMBUSTÍVEIS E LUBRIFICANTES.,Nota Fiscal Eletrônica,2025-07-25,302.12,CJCM PETROLEO LTDA,13901790000632,302.12,0.0,0
2025,12,COMBUSTÍVEIS E LUBRIFICANTES.,Nota Fiscal Eletrônica,2025-12-08,250.0,COX   GAMA LTDA,12519476000112,250.0,0.0,0
2025,6,COMBUSTÍVEIS E LUBRIFICANTES.,Nota Fiscal Eletrônica,2025-06-10,300.0,DIESEL DISTRIBUIDORA E SERVICOS LTDA,11908167000171,300.0,0.0,0
2025,2,COMBUSTÍVEIS E LUBRIFICANTES.,Nota Fiscal Eletrônica,2025-02-13,200.0,DIESEL DISTRIBUIDORA E SERVICOS LTDA,11908167000171,200.0,0.0,0
2025,6,COMBUSTÍVEIS E LUBRIFICANTES.,Nota Fiscal Eletrônica,2025-06-29,637.74,DIESEL DISTRIBUIDORA E SERVICOS LTDA,11908167000333,585.1,52.64,0
2026,1,MANUTENÇÃO DE ESCRITÓRIO DE APOIO À ATIVIDADE PARLAMENTAR,Nota Fiscal,2026-01-21,997.0,BROAD BRASIL LTDA,48949641000113,997.0,0.0,0
2026,2,MANUTENÇÃO DE ESCRITÓRIO DE APOIO À ATIVIDADE PARLAMENTAR,Nota Fiscal,2026-02-23,997.0,BROAD BRASIL LTDA,48949641000113,997.0,0.0,0
2026,4,MANUTENÇÃO DE ESCRITÓRIO DE APOIO À ATIVIDADE PARLAMENTAR,Nota Fiscal,2026-04-24,997.0,BROAD BRASIL LTDA,48949641000113,997.0,0.0,0
2026,5,MANUTENÇÃO DE ESCRITÓRIO DE APOIO À ATIVIDADE PARLAMENTAR,Nota Fiscal,2026-05-25,997.0,BROAD BRASIL LTDA,48949641000113,997.0,0.0,0
2026,6,MANUTENÇÃO DE ESCRITÓRIO DE APOIO À ATIVIDADE PARLAMENTAR,Nota Fiscal,2026-06-23,997.0,BROAD BRASIL LTDA,48949641000113,997.0,0.0,0
2026,6,MANUTENÇÃO DE ESCRITÓRIO DE APOIO À ATIVIDADE PARLAMENTAR,Nota Fiscal,2026-06-19,1000.0,TECNEGOCIOS SOLUCOES EM INFORMATICA LTDA,11521613000190,1000.0,0.0,0
2026,1,MANUTENÇÃO DE ESCRITÓRIO DE APOIO À ATIVIDADE PARLAMENTAR,Nota Fiscal,2026-01-24,1000.0,TECNEGOCIOS SOLUÇÕES EM INFORMÁTICA LTDA,11521613000190,1000.0,0.0,0
2026,2,MANUTENÇÃO DE ESCRITÓRIO DE APOIO À ATIVIDADE PARLAMENTAR,Nota Fiscal,2026-02-24,1000.0,TECNEGOCIOS SOLUÇÕES EM INFORMÁTICA LTDA,11521613000190,1000.0,0.0,0
2026,3,MANUTENÇÃO DE ESCRITÓRIO DE APOIO À ATIVIDADE PARLAMENTAR,Nota Fiscal,2026-03-24,1000.0,TECNEGOCIOS SOLUÇÕES EM INFORMÁTICA LTDA,11521613000190,1000.0,0.0,0
2026,5,MANUTENÇÃO DE ESCRITÓRIO DE APOIO À ATIVIDADE PARLAMENTAR,Nota Fiscal,2026-05-29,1000.0,TECNEGOCIOS SOLUÇÕES EM INFORMÁTICA LTDA,11521613000190,1000.0,0.0,0
2026,2,MANUTENÇÃO DE ESCRITÓRIO DE APOIO À ATIVIDADE PARLAMENTAR,Nota Fiscal,2026-02-25,320.0,WMS COMERCIO DE ARTIGOS DE PAPELARIA LTDA,12132854000100,320.0,0.0,0
2026,2,COMBUSTÍVEIS E LUBRIFICANTES.,Nota Fiscal Eletrônica,2026-02-26,150.0,14 - QL 14 - CASCOL COMBUSTIVEIS PARA VEICULOS LTDA,00306597001411,150.0,0.0,0
2026,1,COMBUSTÍVEIS E LUBRIFICANTES.,Nota Fiscal Eletrônica,2026-01-24,150.0,AUTO POSTO GOLDEN GAS LAGO LTDA,30879261000194,150.0,0.0,0
2026,1,COMBUSTÍVEIS E LUBRIFICANTES.,Nota Fiscal Eletrônica,2026-01-19,100.0,AUTO POSTO GOLDEN GAS LAGO LTDA,30879261000194,100.0,0.0,0
2026,2,COMBUSTÍVEIS E LUBRIFICANTES.,Nota Fiscal Eletrônica,2026-02-05,150.0,AUTO POSTO GOLDEN GAS LAGO LTDA,30879261000194,150.0,0.0,0
2026,2,COMBUSTÍVEIS E LUBRIFICANTES.,Nota Fiscal Eletrônica,2026-02-09,250.0,AUTO POSTO GOLDEN GAS LAGO LTDA,30879261000194,250.0,0.0,0
2026,2,COMBUSTÍVEIS E LUBRIFICANTES.,Nota Fiscal Eletrônica,2026-02-13,200.0,AUTO POSTO GOLDEN GAS LAGO LTDA,30879261000194,200.0,0.0,0
2026,3,COMBUSTÍVEIS E LUBRIFICANTES.,Nota Fiscal Eletrônica,2026-03-13,200.0,AUTO POSTO GOLDEN GAS LAGO LTDA.,30879261000194,200.0,0.0,0
2026,3,COMBUSTÍVEIS E LUBRIFICANTES.,Nota Fiscal Eletrônica,2026-03-03,200.0,AUTO POSTO GOLDEN GAS LAGO LTDA.,30879261000194,200.0,0.0,0
2026,4,COMBUSTÍVEIS E LUBRIFICANTES.,Nota Fiscal Eletrônica,2026-04-06,200.0,AUTO POSTO GOLDEN GAS LAGO LTDA.,30879261000194,200.0,0.0,0
2026,1,COMBUSTÍVEIS E LUBRIFICANTES.,Nota Fiscal Eletrônica,2026-01-21,200.0,AUTO SHOPPING QL 06 COMERCIO DE DERIV DE PETROLEO LTDA,00647440000135,200.0,0.0,0
2026,2,COMBUSTÍVEIS E LUBRIFICANTES.,Nota Fiscal Eletrônica,2026-02-18,117.0,J C COMBUSTIVEIS E LUBRIFICANTES LTDA,34036410000104,117.0,0.0,0
2026,1,COMBUSTÍVEIS E LUBRIFICANTES.,Nota Fiscal Eletrônica,2026-01-12,715.04,MAXI LUB LTDA,04735992000156,715.04,0.0,0
2026,1,COMBUSTÍVEIS E LUBRIFICANTES.,Nota Fiscal Eletrônica,2026-01-21,720.05,NEW STAR COMERCIO DE COMBUSTIVEIS E LUBRIFICANTES,05012787000125,720.05,0.0,0
2026,3,COMBUSTÍVEIS E LUBRIFICANTES.,Nota Fiscal Eletrônica,2026-03-08,600.03,POSTO BOULANGERIE LTDA,00440239000182,600.03,0.0,0
2026,3,COMBUSTÍVEIS E LUBRIFICANTES.,Nota Fiscal Eletrônica,2026-03-25,250.0,POSTO DE COMBUSTIVEIS 309 SUL LTDA,32216743000190,250.0,0.0,0
2026,3,COMBUSTÍVEIS E LUBRIFICANTES.,Nota Fiscal Eletrônica,2026-03-09,100.0,POSTO DE COMBUSTIVEIS 310 SUL LTDA,32590257000137,100.0,0.0,0
2026,2,COMBUSTÍVEIS E LUBRIFICANTES.,Nota Fiscal Eletrônica,2026-02-24,150.0,POSTO DE COMBUSTIVEL QL 09 LAGO SUL LTDA,43000360000104,150.0,0.0,0
2026,3,COMBUSTÍVEIS E LUBRIFICANTES.,Nota Fiscal Eletrônica,2026-03-18,200.0,POSTO DE COMBUSTIVEL QL 09 LAGO SUL LTDA,43000360000104,200.0,0.0,0
2026,3,COMBUSTÍVEIS E LUBRIFICANTES.,Nota Fiscal Eletrônica,2026-03-09,100.0,POSTO DE COMBUSTIVEL QL 09 LAGO SUL LTDA,43000360000104,100.0,0.0,0
2026,3,COMBUSTÍVEIS E LUBRIFICANTES.,Nota Fiscal Eletrônica,2026-03-30,200.0,POSTO DE COMBUSTIVEL QL 09 LAGO SUL LTDA,43000360000104,200.0,0.0,0
2026,3,COMBUSTÍVEIS E LUBRIFICANTES.,Nota Fiscal Eletrônica,2026-03-17,100.0,POSTO DE COMBUSTIVEL QL 09 LAGO SUL LTDA,43000360000104,100.0,0.0,0
2026,3,COMBUSTÍVEIS E LUBRIFICANTES.,Nota Fiscal Eletrônica,2026-03-23,200.0,POSTO DE COMBUSTIVEL QL 09 LAGO SUL LTDA,43000360000104,200.0,0.0,0
2026,1,COMBUSTÍVEIS E LUBRIFICANTES.,Nota Fiscal Eletrônica,2026-01-02,500.0,POSTO ECOLOGICO COMERCIO DE COMBUSTIVEIS LTDA   EPP,20838676000166,500.0,0.0,0
2026,2,COMBUSTÍVEIS E LUBRIFICANTES.,Nota Fiscal Eletrônica,2026-02-12,580.0,POSTO ECOLOGICO COMERCIO DE COMBUSTIVEIS LTDA   EPP,20838676000166,580.0,0.0,0
2026,1,LOCAÇÃO OU FRETAMENTO DE VEÍCULOS AUTOMOTORES,Recibos/Outros,2026-01-27,4960.0,CDM LOCADORA EM GERAL LTDA,53353105000190,4960.0,0.0,0
2026,1,LOCAÇÃO OU FRETAMENTO DE VEÍCULOS AUTOMOTORES,Recibos/Outros,2026-02-10,3000.0,OK LOCADORA DE VEÍCULOS LTDA - EPP,07173027000125,3000.0,0.0,0
2026,3,LOCAÇÃO OU FRETAMENTO DE VEÍCULOS AUTOMOTORES,Recibos/Outros,2026-04-08,3000.0,OK LOCADORA DE VEÍCULOS LTDA - EPP,07173027000125,3000.0,0.0,0
2026,2,LOCAÇÃO OU FRETAMENTO DE VEÍCULOS AUTOMOTORES,Recibos/Outros,2026-03-10,3000.0,OK LOCADORA DE VEÍCULOS LTDA - EPP,07173027000125,3000.0,0.0,0
2026,4,LOCAÇÃO OU FRETAMENTO DE VEÍCULOS AUTOMOTORES,Recibos/Outros,2026-05-13,3000.0,OK LOCADORA DE VEÍCULOS LTDA - EPP,07173027000125,3000.0,0.0,0
2026,5,LOCAÇÃO OU FRETAMENTO DE VEÍCULOS AUTOMOTORES,Recibos/Outros,2026-06-08,3000.0,OK LOCADORA DE VEÍCULOS LTDA - EPP,07173027000125,3000.0,0.0,0
2026,2,PASSAGEM AÉREA - SIGEPA,Nota Fiscal,2026-02-10,2186.27,GOL,,2186.27,0.0,0
2026,3,PASSAGEM AÉREA - SIGEPA,Nota Fiscal,2026-03-13,3913.09,GOL,,3913.09,0.0,0
2026,3,PASSAGEM AÉREA - SIGEPA,Nota Fiscal,2026-03-16,2471.81,GOL,,2471.81,0.0,0
2026,4,PASSAGEM AÉREA - SIGEPA,Nota Fiscal,2026-04-06,2024.49,GOL,,2024.49,0.0,0
2026,4,PASSAGEM AÉREA - SIGEPA,Nota Fiscal,2026-04-06,1195.57,GOL,,1195.57,0.0,0
2026,4,PASSAGEM AÉREA - SIGEPA,Nota Fiscal,2026-04-15,3246.19,GOL,,3246.19,0.0,0
2026,4,PASSAGEM AÉREA - SIGEPA,Nota Fiscal,2026-04-16,3530.67,GOL,,3530.67,0.0,0
2026,4,PASSAGEM AÉREA - SIGEPA,Nota Fiscal,2026-04-17,90.0,GOL,,90.0,0.0,0
2026,4,PASSAGEM AÉREA - SIGEPA,Nota Fiscal,2026-04-17,1702.87,GOL,,1702.87,0.0,0
2026,4,PASSAGEM AÉREA - SIGEPA,Nota Fiscal,2026-04-18,2443.01,GOL,,2443.01,0.0,0
2026,5,PASSAGEM AÉREA - SIGEPA,Nota Fiscal,2026-05-06,2471.21,GOL,,2471.21,0.0,0
2026,5,PASSAGEM AÉREA - SIGEPA,Nota Fiscal,2026-05-13,3865.59,GOL,,3865.59,0.0,0
2026,5,PASSAGEM AÉREA - SIGEPA,Nota Fiscal,2026-05-21,3172.52,GOL,,3172.52,0.0,0
2026,2,PASSAGEM AÉREA - SIGEPA,Nota Fiscal,2026-02-01,2976.27,LATAM Airlines Brasil,,2976.27,0.0,0
2026,2,PASSAGEM AÉREA - SIGEPA,Nota Fiscal,2026-02-09,-3020.04,LATAM Airlines Brasil,,-3020.04,0.0,0
2026,2,PASSAGEM AÉREA - SIGEPA,Nota Fiscal,2026-02-09,3020.04,LATAM Airlines Brasil,,3020.04,0.0,0
2026,2,PASSAGEM AÉREA - SIGEPA,Nota Fiscal,2026-02-10,2936.95,LATAM Airlines Brasil,,2936.95,0.0,0
2026,2,PASSAGEM AÉREA - SIGEPA,Nota Fiscal,2026-02-10,3011.74,LATAM Airlines Brasil,,3011.74,0.0,0
2026,3,PASSAGEM AÉREA - SIGEPA,Nota Fiscal,2026-03-13,3366.46,LATAM Airlines Brasil,,3366.46,0.0,0
2026,3,PASSAGEM AÉREA - SIGEPA,Nota Fiscal,2026-03-16,3347.89,LATAM Airlines Brasil,,3347.89,0.0,0
2026,3,PASSAGEM AÉREA - SIGEPA,Nota Fiscal,2026-03-29,2475.78,LATAM Airlines Brasil,,2475.78,0.0,0
2026,3,PASSAGEM AÉREA - SIGEPA,Nota Fiscal,2026-03-29,2457.21,LATAM Airlines Brasil,,2457.21,0.0,0
2026,4,PASSAGEM AÉREA - SIGEPA,Nota Fiscal,2026-04-07,111.0,LATAM Airlines Brasil,,111.0,0.0,0
2026,4,PASSAGEM AÉREA - SIGEPA,Nota Fiscal,2026-04-07,1786.79,LATAM Airlines Brasil,,1786.79,0.0,0
2026,4,PASSAGEM AÉREA - SIGEPA,Nota Fiscal,2026-04-11,156.0,LATAM Airlines Brasil,,156.0,0.0,0
2026,4,PASSAGEM AÉREA - SIGEPA,Nota Fiscal,2026-04-11,2522.61,LATAM Airlines Brasil,,2522.61,0.0,0
2026,4,PASSAGEM AÉREA - SIGEPA,Nota Fiscal,2026-04-15,2814.11,LATAM Airlines Brasil,,2814.11,0.0,0
2026,4,PASSAGEM AÉREA - SIGEPA,Nota Fiscal,2026-04-22,1501.05,LATAM Airlines Brasil,,1501.05,0.0,0
2026,5,PASSAGEM AÉREA - SIGEPA,Nota Fiscal,2026-05-20,2650.6,LATAM Airlines Brasil,,2650.6,0.0,0
